{
  "0.0": {
    "mean_pred_val": 0.0029553411365998397,
    "mean_pred_aro": -0.059986007430559984,
    "val_corr": 0.7635861621493754,
    "aro_corr": 0.6913680019783686,
    "coverage": 0.0,
    "missing": 0,
    "total_samples": 364
  },
  "1.0": {
    "mean_pred_val": -0.00279322139033536,
    "mean_pred_aro": -0.061075893440539694,
    "val_corr": 0.761104103138884,
    "aro_corr": 0.6925161688093493,
    "coverage": 99.45054945054946,
    "missing": 2,
    "total_samples": 364
  },
  "1.5": {
    "mean_pred_val": -0.004372684034303977,
    "mean_pred_aro": -0.06130094799356392,
    "val_corr": 0.7604721088384695,
    "aro_corr": 0.6916498155662532,
    "coverage": 99.45054945054946,
    "missing": 2,
    "total_samples": 364
  },
  "2.0": {
    "mean_pred_val": -0.008752634638797614,
    "mean_pred_aro": -0.05814468943140377,
    "val_corr": 0.7607780231915787,
    "aro_corr": 0.692140914940137,
    "coverage": 99.45054945054946,
    "missing": 2,
    "total_samples": 364
  },
  "2.5": {
    "mean_pred_val": -0.01604472789759901,
    "mean_pred_aro": -0.051904454159519664,
    "val_corr": 0.761755076394539,
    "aro_corr": 0.6957755038951429,
    "coverage": 99.45054945054946,
    "missing": 2,
    "total_samples": 364
  },
  "3.0": {
    "mean_pred_val": -0.025015953476643087,
    "mean_pred_aro": -0.0414460852069289,
    "val_corr": 0.7638617987770531,
    "aro_corr": 0.7009047285666011,
    "coverage": 99.45054945054946,
    "missing": 2,
    "total_samples": 364
  },
  "3.5": {
    "mean_pred_val": -0.03477571091702934,
    "mean_pred_aro": -0.029611922140427672,
    "val_corr": 0.7676759461342209,
    "aro_corr": 0.707339838778081,
    "coverage": 99.45054945054946,
    "missing": 2,
    "total_samples": 364
  },
  "4.0": {
    "mean_pred_val": -0.046869308058336216,
    "mean_pred_aro": -0.015493154784173265,
    "val_corr": 0.7708064374881203,
    "aro_corr": 0.7110309748781205,
    "coverage": 99.45054945054946,
    "missing": 2,
    "total_samples": 364
  },
  "4.5": {
    "mean_pred_val": -0.06208468059328599,
    "mean_pred_aro": 0.0017407061532139778,
    "val_corr": 0.7745501741026972,
    "aro_corr": 0.7126696352163318,
    "coverage": 99.45054945054946,
    "missing": 2,
    "total_samples": 364
  },
  "5.0": {
    "mean_pred_val": -0.07906791023336925,
    "mean_pred_aro": 0.022814398010998226,
    "val_corr": 0.7751452665757551,
    "aro_corr": 0.7079259540665171,
    "coverage": 99.45054945054946,
    "missing": 2,
    "total_samples": 364
  },
  "5.5": {
    "mean_pred_val": -0.09745782802129614,
    "mean_pred_aro": 0.04668084820885989,
    "val_corr": 0.7746502132468494,
    "aro_corr": 0.6976781599582246,
    "coverage": 99.45054945054946,
    "missing": 2,
    "total_samples": 364
  },
  "6.0": {
    "mean_pred_val": -0.11555838260855936,
    "mean_pred_aro": 0.0715881093241438,
    "val_corr": 0.7727102746741966,
    "aro_corr": 0.6831402126313515,
    "coverage": 99.45054945054946,
    "missing": 2,
    "total_samples": 364
  },
  "6.5": {
    "mean_pred_val": -0.1320877678636052,
    "mean_pred_aro": 0.09436994304389253,
    "val_corr": 0.7692189688199874,
    "aro_corr": 0.6654696447126417,
    "coverage": 99.45054945054946,
    "missing": 2,
    "total_samples": 364
  },
  "7.0": {
    "mean_pred_val": -0.14764353419029777,
    "mean_pred_aro": 0.11456519947643136,
    "val_corr": 0.7641229017565248,
    "aro_corr": 0.64574598386382,
    "coverage": 99.45054945054946,
    "missing": 2,
    "total_samples": 364
  },
  "7.5": {
    "mean_pred_val": -0.163907408301084,
    "mean_pred_aro": 0.1352265972009563,
    "val_corr": 0.7574341860226419,
    "aro_corr": 0.6258698868777465,
    "coverage": 99.45054945054946,
    "missing": 2,
    "total_samples": 364
  },
  "8.0": {
    "mean_pred_val": -0.18156640475569805,
    "mean_pred_aro": 0.15588779939379502,
    "val_corr": 0.7501197678406738,
    "aro_corr": 0.6076745767893207,
    "coverage": 99.45054945054946,
    "missing": 2,
    "total_samples": 364
  },
  "8.5": {
    "mean_pred_val": -0.20019828626287303,
    "mean_pred_aro": 0.1767631975887855,
    "val_corr": 0.74229436961922,
    "aro_corr": 0.5916278556307852,
    "coverage": 99.45054945054946,
    "missing": 2,
    "total_samples": 364
  },
  "9.0": {
    "mean_pred_val": -0.22022291103436786,
    "mean_pred_aro": 0.1981733507901471,
    "val_corr": 0.7345372330819809,
    "aro_corr": 0.5770653696929736,
    "coverage": 99.45054945054946,
    "missing": 2,
    "total_samples": 364
  },
  "9.5": {
    "mean_pred_val": -0.2403935006203048,
    "mean_pred_aro": 0.21946804274313644,
    "val_corr": 0.7267983287415648,
    "aro_corr": 0.563848686549945,
    "coverage": 99.45054945054946,
    "missing": 2,
    "total_samples": 364
  },
  "10.0": {
    "mean_pred_val": -0.26096361103866783,
    "mean_pred_aro": 0.24104388340140928,
    "val_corr": 0.7189978425488036,
    "aro_corr": 0.5511135957446268,
    "coverage": 99.45054945054946,
    "missing": 2,
    "total_samples": 364
  }
}